Players,Weighted Average
Samurai,31.744
Eyas,30.79090909090909
Sophist,30.481818181818184
Kaiju,28.07418181818182
CHICO,26.21818181818182
ICHIGO,26.131636363636368
TheDood22,24.71345454545455
Pidgeon,23.549818181818186
Cal,23.19090909090909
Shinta,21.654545454545456
